parameter,mu_star,mu,sigma
num_agents,0.15,-0.15,0.4743416490252569
old_theory_payoff,0.45,-0.15,0.85146931829632
new_theory_payoff_old_true,0.15,0.15,0.4743416490252569
new_theory_payoff_new_true,0.45,-0.15,0.8514693182963201
belief_strength_min,0.15,0.15,0.47434164902525694
belief_strength_max,0.3,0.0,0.7071067811865476
h_index_min,0.45,-0.45,0.724568837309472
h_index_max,0.45,-0.15,0.8514693182963201
