parameter,mu_star,mu,sigma
num_agents,0.375,0.375,0.5303300858899106
old_theory_payoff,0.75,0.75,1.0606601717798212
new_theory_payoff_old_true,0.75,0.75,1.0606601717798212
new_theory_payoff_new_true,0.75,0.75,1.0606601717798212
belief_strength_min,0.375,-0.375,0.5303300858899106
belief_strength_max,1.5,-1.5,0.0
